{"cameraMode":{"drawMode":0,"name":"Shaded","section":"Shading Mode"},"sceneLighting":true,"audioPlay":false,"sceneViewState":{"showFog":true,"showMaterialUpdate":true,"showSkybox":true,"showFlares":true,"showImageEffects":true,"showParticleSystems":true},"in2DMode":false,"pivot":{"x":1.8561208248138428,"y":2.7887024879455568,"z":2.1620430946350099},"rotation":{"x":-0.4295201003551483,"y":0.08324137330055237,"z":-0.039800968021154407,"w":-0.8983314037322998},"size":2.8722550868988039,"orthographic":false}