{"cameraMode":{"drawMode":0,"name":"Shaded","section":"Shading Mode"},"sceneLighting":true,"audioPlay":false,"sceneViewState":{"showFog":true,"showMaterialUpdate":true,"showSkybox":true,"showFlares":true,"showImageEffects":true,"showParticleSystems":true},"in2DMode":false,"pivot":{"x":1.4718830585479737,"y":1.5457854270935059,"z":2.9304583072662355},"rotation":{"x":-0.23723694682121278,"y":0.08670968562364578,"z":-0.02126602828502655,"w":-0.9673406481742859},"size":6.485686779022217,"orthographic":false}