{"cameraMode":{"drawMode":0,"name":"Shaded","section":"Shading Mode"},"sceneLighting":false,"audioPlay":false,"sceneViewState":{"showFog":true,"showMaterialUpdate":true,"showSkybox":true,"showFlares":true,"showImageEffects":true,"showParticleSystems":true},"in2DMode":false,"pivot":{"x":-1.1920928955078126e-7,"y":0.375,"z":0.07278242707252503},"rotation":{"x":-0.3016068637371063,"y":0.6016969084739685,"z":-0.2624531090259552,"w":-0.6914567947387695},"size":3.4716877937316896,"orthographic":false}